task_id,trial,duration_seconds,num_steps,avg_step_latency_seconds,total_llm_time_seconds,total_tool_stall_time_seconds,avg_llm_latency_seconds,total_prompt_tokens,total_completion_tokens,reward,termination_reason
0,0,47.3379534590058,13,3.641246905747371,29.565752759110183,0.0006314059719443321,4.927625459851697,34200,534,1.0,user_stop
1,0,63.79756619199179,23,2.773736516793218,47.50824475707486,0.0019885769579559565,4.31893134155226,72179,741,0.0,user_stop
2,0,85.01943661784753,21,4.048450268472412,69.39749763626605,0.002009507268667221,6.9397497636266054,73882,1227,1.0,user_stop
3,0,26.71369864186272,9,2.967970849790921,15.894206392811611,0.00021675112657248974,3.973551598202903,21071,266,0.0,user_stop
4,0,45.23481316608377,21,2.1539614572234096,34.10246794158593,0.0016139191575348377,3.410246794158593,62496,465,1.0,user_stop
